{
	"Name": "Whatsapp Click To Chat",
	"Description": "Floating WhatsApp tıkla-yaz butonu (tüm sayfalar)",
	"Author": "Bremer",
	"URL": "https://example.com",
	"Version": "1.0.0",
	"MinShopVersion": "5.2.0",
	"License": "MIT",
	"Install": {
		"CopyDir": [{ "source": "frontend", "dest": "" }]
	},
	"Settings": [
		{
			"Name": "whatsapp_phone",
			"Value": "",
			"Type": "text",
			"Description": "WhatsApp telefon numarası (ülke koduyla, boşluksuz, örn: 905321234567)"
		},
		{
			"Name": "default_message",
			"Value": "Merhaba, bilgi almak istiyorum.",
			"Type": "text",
			"Description": "Varsayılan mesaj"
		},
		{
			"Name": "enabled",
			"Value": "Y",
			"Type": "selectbox",
			"Description": "Butonu etkinleştir",
			"Options": [
				{ "Value": "Y", "Name": "Evet" },
				{ "Value": "N", "Name": "Hayır" }
			]
		}
	],
	"Hooks": [
		{ "HookId": 140, "File": "frontend/template/whatsapp.tpl" }
	]
}
